Año,Región,Código provincia,Provincia,Código Cantón,Cantón,  Valor Agregado , Impuestos a los producto , PIB , Exportaciones , Importaciones 
2019,Central,1,San José,101,San José,"6,147,938.22","551,260.39","6,699,198.61",884942.5279,"3,234,484.47"
2019,Central,1,San José,102,Escazú,"1,424,373.29","93,262.12","1,517,635.42",11040.03184,"54,072.95"
2019,Central,1,San José,103,Desamparados,"923,245.85","76,502.98","999,748.83",37369.9009,"229,606.17"
2019,Central,1,San José,104,Puriscal,"111,683.80","16,729.79","128,413.59",1491.937754,"3,368.00"
2019,Central,1,San José,105,Tarrazú,"66,880.22","2,708.92","69,589.15",24464.3685,"2,119.15"
2019,Central,1,San José,106,Aserrí,"137,425.46","9,139.10","146,564.56",31430.09864,"5,729.93"
2019,Central,1,San José,107,Mora,"135,380.48","8,698.77","144,079.26",7320.156161,"7,664.68"
2019,Central,1,San José,108,Goicoechea,"897,636.94","182,361.62","1,079,998.56",2141.831905,"84,374.27"
2019,Central,1,San José,109,Santa Ana,"1,588,254.17","77,674.88","1,665,929.05",2151.482676,"31,275.47"
2019,Central,1,San José,110,Alajuelita,"170,187.42","10,454.34","180,641.76",1035.856793,"20,130.60"
2019,Central,1,San José,111,Vázquez de Coronado,"279,667.28","16,868.27","296,535.55",1174.932238,"21,019.34"
2019,Central,1,San José,112,Acosta,"50,354.22","3,085.40","53,439.62",11753.58528,"7,822.66"
2019,Central,1,San José,113,Tibás,"452,765.66","37,786.23","490,551.89",16385.9653,"33,874.93"
2019,Central,1,San José,114,Moravia,"342,932.70","30,611.92","373,544.61",17960.03833,"38,901.39"
2019,Central,1,San José,115,Montes de Oca,"1,030,598.98","41,430.87","1,072,029.85",4561.224716,"26,154.47"
2019,Central,1,San José,116,Turrubares,"14,512.98",387.63,"14,900.61",0,105.96
2019,Central,1,San José,117,Dota,"27,146.77","1,107.52","28,254.29",1241.747293,44.66
2019,Central,1,San José,118,Curridabat,"779,290.64","43,635.54","822,926.18",11628.66568,"56,035.88"
2019,Brunca,1,San José,119,Pérez Zeledón,"501,514.39","29,122.56","530,636.96",13021.31474,"8,462.87"
2019,Central,1,San José,120,León Cortés Castro,"67,969.96","2,521.01","70,490.97",100.9159952,"1,953.37"
2019,Central,2,Alajuela,201,Alajuela,"3,347,695.60","315,325.72","3,663,021.31",2377792.011,"1,997,857.51"
2019,Central,2,Alajuela,202,San Ramón,"366,858.95","21,890.37","388,749.32",23149.51239,"23,662.56"
2019,Central,2,Alajuela,203,Grecia,"342,508.20","49,885.28","392,393.48",110293.6806,"76,174.38"
2019,Pacífico Central,2,Alajuela,204,San Mateo,"28,581.47",818.94,"29,400.41",38.5413196,75.01
2019,Central,2,Alajuela,205,Atenas,"111,514.82","5,737.95","117,252.77",1932.141908,"4,633.58"
2019,Central,2,Alajuela,206,Naranjo,"159,851.07","13,780.72","173,631.80",3637.744158,"16,416.91"
2019,Central,2,Alajuela,207,Palmares,"158,197.78","14,002.05","172,199.84",14587.43357,"32,071.84"
2019,Central,2,Alajuela,208,Poás,"147,187.28","8,309.13","155,496.41",5430.652772,"4,312.15"
2019,Pacífico Central,2,Alajuela,209,Orotina,"80,312.22","5,253.04","85,565.26",716.9338422,575.07
2019,Huetar Norte,2,Alajuela,210,San Carlos,"991,604.73","66,895.23","1,058,499.96",265331.9708,"59,418.18"
2019,Central,2,Alajuela,211,Zarcero,"82,916.50","3,849.21","86,765.71",1261.601729,"1,471.73"
2019,Central,2,Alajuela,212,Sarchí,"76,523.29","4,577.61","81,100.91",11685.28682,"2,741.88"
2019,Huetar Norte,2,Alajuela,213,Upala,"157,713.82","5,233.64","162,947.46",23845.58213,389.15
2019,Huetar Norte,2,Alajuela,214,Los Chiles,"115,628.61","3,764.41","119,393.02",10650.78156,212.74
2019,Huetar Norte,2,Alajuela,215,Guatuso,"51,087.49","2,169.68","53,257.17",274.0609938,"1,649.46"
2019,Huetar Norte,2,Alajuela,216,Río Cuarto,"49,350.24",772.22,"50,122.46",7785.113658,"19,388.34"
2019,Central,3,Cartago,301,Cartago,"1,196,634.93","204,602.14","1,401,237.07",561071.6943,"502,169.30"
2019,Central,3,Cartago,302,Paraíso,"245,026.26","17,950.29","262,976.56",31144.71426,"15,186.77"
2019,Central,3,Cartago,303,La Unión,"571,056.73","63,828.94","634,885.67",40920.88605,"58,209.92"
2019,Central,3,Cartago,304,Jiménez,"85,122.13","4,201.30","89,323.43",1130.073536,874.67
2019,Central,3,Cartago,305,Turrialba,"297,864.75","25,920.90","323,785.65",22539.90045,"11,297.57"
2019,Central,3,Cartago,306,Alvarado,"65,974.25","2,649.49","68,623.74",16.35610241,920.03
2019,Central,3,Cartago,307,Oreamuno,"137,188.92","7,392.03","144,580.95",8136.078935,"7,575.39"
2019,Central,3,Cartago,308,El Guarco,"206,784.81","15,699.14","222,483.95",12916.07638,"21,972.02"
2019,Central,4,Heredia,401,Heredia,"1,962,524.19","117,441.31","2,079,965.50",734512.4565,"565,426.34"
2019,Central,4,Heredia,402,Barva,"186,328.51","10,697.99","197,026.50",8386.467758,"15,774.40"
2019,Central,4,Heredia,403,Santo Domingo,"411,464.70","36,215.54","447,680.24",14402.91474,"48,372.69"
2019,Central,4,Heredia,404,Santa Bárbara,"102,679.21","5,484.04","108,163.25",4016.26916,"9,989.81"
2019,Central,4,Heredia,405,San Rafael,"212,920.87","7,094.13","220,015.00",303.5409035,"8,889.42"
2019,Central,4,Heredia,406,San Isidro,"117,256.76","4,115.34","121,372.10",584.0578721,"2,856.71"
2019,Central,4,Heredia,407,Belén,"1,076,496.82","65,497.68","1,141,994.50",4373.005297,"25,066.79"
2019,Central,4,Heredia,408,Flores,"270,204.19","24,712.98","294,917.17",2417.243561,"6,868.06"
2019,Central,4,Heredia,409,San Pablo,"180,864.28","10,741.96","191,606.23",23.02406337,"2,831.05"
2019,Huetar Norte,4,Heredia,410,Sarapiquí,"284,193.68","13,534.93","297,728.62",122805.3103,"11,436.59"
2019,Chorotega,5,Guanacaste,501,Liberia,"686,791.84","55,018.06","741,809.90",6018.776668,"24,904.98"
2019,Chorotega,5,Guanacaste,502,Nicoya,"217,015.78","10,231.67","227,247.45",13049.40906,"2,939.72"
2019,Chorotega,5,Guanacaste,503,Santa Cruz,"314,972.49","25,117.48","340,089.97",405.874316,"6,898.84"
2019,Chorotega,5,Guanacaste,504,Bagaces,"157,730.23","8,225.69","165,955.92",515.4255593,580.51
2019,Chorotega,5,Guanacaste,505,Carrillo,"217,606.26","18,354.73","235,960.99",13344.27028,"6,446.62"
2019,Chorotega,5,Guanacaste,506,Cañas,"142,173.78","7,213.92","149,387.70",34109.60898,"21,064.86"
2019,Chorotega,5,Guanacaste,507,Abangares,"91,318.14","11,353.53","102,671.67",9484.284904,"8,735.31"
2019,Chorotega,5,Guanacaste,508,Tilarán,"210,704.92","11,034.66","221,739.58",856.2988794,"3,204.50"
2019,Chorotega,5,Guanacaste,509,Nandayure,"36,594.31","1,542.98","38,137.29",3318.208695,145.62
2019,Chorotega,5,Guanacaste,510,La Cruz,"83,833.02","5,948.29","89,781.30",20750.1404,"7,126.75"
2019,Chorotega,5,Guanacaste,511,Hojancha,"19,749.24",967.84,"20,717.08",75.60056439,111.03
2019,Pacífico Central,6,Puntarenas,601,Puntarenas,"614,496.20","40,820.57","655,316.77",127987.7269,"253,651.61"
2019,Pacífico Central,6,Puntarenas,602,Esparza,"108,756.26","11,270.55","120,026.81",66284.84648,"113,715.06"
2019,Brunca,6,Puntarenas,603,Buenos Aires,"111,310.99","2,484.12","113,795.11",144.8354165,482.06
2019,Pacífico Central,6,Puntarenas,604,Montes de Oro,"61,797.49","4,512.72","66,310.21",905.1461994,"3,064.00"
2019,Brunca,6,Puntarenas,605,Osa,"126,102.46","7,839.31","133,941.77",2426.083793,844.57
2019,Pacífico Central,6,Puntarenas,606,Quepos,"180,407.71","15,025.95","195,433.65",17555.24174,"5,856.41"
2019,Brunca,6,Puntarenas,607,Golfito,"164,607.29","10,318.93","174,926.22",281.491627,"22,881.50"
2019,Brunca,6,Puntarenas,608,Coto Brus,"110,566.05","4,151.20","114,717.25",235.5887024,"1,085.72"
2019,Pacífico Central,6,Puntarenas,609,Parrita,"70,236.75","3,095.50","73,332.25",14225.61183,"1,126.54"
2019,Brunca,6,Puntarenas,610,Corredores,"157,783.03","4,934.00","162,717.03",87939.30236,"10,787.23"
2019,Pacífico Central,6,Puntarenas,611,Garabito,"161,245.35","15,770.82","177,016.17",1449.883956,"5,565.30"
2019,Huetar Caribe,7,Limón,701,Limón,"466,223.85","23,367.08","489,590.93",123904.5013,"1,163,511.50"
2019,Huetar Caribe,7,Limón,702,Pococí,"702,425.33","50,324.87","752,750.20",439339.7271,"120,043.62"
2019,Huetar Caribe,7,Limón,703,Siquirres,"330,372.38","19,847.59","350,219.97",59942.94987,"70,138.41"
2019,Huetar Caribe,7,Limón,704,Talamanca,"133,983.22","8,389.44","142,372.65",2643.989796,327.78
2019,Huetar Caribe,7,Limón,705,Matina,"186,204.93","6,442.41","192,647.34",27512.83289,"6,034.14"
2019,Huetar Caribe,7,Limón,706,Guácimo,"155,082.35","5,181.53","160,263.88",58030.80003,"23,106.88"
2020,Central,1,San José,101,San José,"6,392,321.72","533,576.83","6,925,898.55",879817.9665,"3,131,747.12"
2020,Central,1,San José,102,Escazú,"1,249,190.27","83,857.01","1,333,047.28",17994.24578,"51,073.78"
2020,Central,1,San José,103,Desamparados,"787,227.71","73,711.51","860,939.22",35827.51276,"238,579.78"
2020,Central,1,San José,104,Puriscal,"105,685.44","12,163.60","117,849.04",735.2566888,"5,446.70"
2020,Central,1,San José,105,Tarrazú,"75,057.46","3,994.26","79,051.72",24350.29969,"1,798.70"
2020,Central,1,San José,106,Aserrí,"134,286.75","7,412.41","141,699.16",3574.263567,"6,743.21"
2020,Central,1,San José,107,Mora,"113,019.89","7,643.06","120,662.95",7894.866713,"6,270.67"
2020,Central,1,San José,108,Goicoechea,"1,012,758.74","165,974.30","1,178,733.05",1564.634106,"83,796.18"
2020,Central,1,San José,109,Santa Ana,"1,385,573.95","64,139.50","1,449,713.45",1974.565709,"28,703.72"
2020,Central,1,San José,110,Alajuelita,"202,612.01","15,146.86","217,758.87",977.8070511,"17,919.10"
2020,Central,1,San José,111,Vázquez de Coronado,"246,745.12","16,766.26","263,511.38",803.7270503,"20,966.08"
2020,Central,1,San José,112,Acosta,"57,896.32","4,239.40","62,135.72",13602.07929,"6,209.36"
2020,Central,1,San José,113,Tibás,"364,195.27","28,359.41","392,554.68",17064.3989,"31,561.56"
2020,Central,1,San José,114,Moravia,"279,707.44","26,315.04","306,022.47",17451.59209,"35,984.65"
2020,Central,1,San José,115,Montes de Oca,"952,917.91","31,130.03","984,047.94",6264.045416,"22,134.92"
2020,Central,1,San José,116,Turrubares,"19,145.08",588.62,"19,733.69",0,4.7
2020,Central,1,San José,117,Dota,"34,455.70","2,305.72","36,761.42",849.0780339,7.4
2020,Central,1,San José,118,Curridabat,"574,502.67","31,758.75","606,261.43",8880.558209,"48,847.14"
2020,Brunca,1,San José,119,Pérez Zeledón,"513,954.46","31,298.35","545,252.80",11882.51264,"7,826.68"
2020,Central,1,San José,120,León Cortés Castro,"68,551.16","3,510.13","72,061.29",0,145.23
2020,Central,2,Alajuela,201,Alajuela,"3,422,966.40","307,203.36","3,730,169.76",2590036.182,"1,735,586.35"
2020,Central,2,Alajuela,202,San Ramón,"383,523.05","23,114.93","406,637.98",19907.11123,"25,044.80"
2020,Central,2,Alajuela,203,Grecia,"373,785.71","51,144.07","424,929.78",98425.91036,"69,341.20"
2020,Pacífico Central,2,Alajuela,204,San Mateo,"22,231.03","1,098.14","23,329.17",102.8157037,248.54
2020,Central,2,Alajuela,205,Atenas,"119,861.57","7,060.84","126,922.41",1397.187987,"4,389.29"
2020,Central,2,Alajuela,206,Naranjo,"155,708.40","16,293.48","172,001.88",3478.151212,"17,983.55"
2020,Central,2,Alajuela,207,Palmares,"159,530.74","14,902.65","174,433.39",14292.67821,"33,906.58"
2020,Central,2,Alajuela,208,Poás,"131,233.36","8,433.60","139,666.96",3057.033273,"4,572.08"
2020,Pacífico Central,2,Alajuela,209,Orotina,"84,466.33","5,460.38","89,926.71",1082.663572,597.74
2020,Huetar Norte,2,Alajuela,210,San Carlos,"910,566.77","58,153.97","968,720.74",263637.461,"54,816.67"
2020,Central,2,Alajuela,211,Zarcero,"94,683.73","5,601.36","100,285.09",803.4088706,"1,273.63"
2020,Central,2,Alajuela,212,Sarchí,"83,356.73","5,000.47","88,357.20",11588.52182,"2,653.76"
2020,Huetar Norte,2,Alajuela,213,Upala,"161,091.87","5,038.91","166,130.78",20671.97846,196.66
2020,Huetar Norte,2,Alajuela,214,Los Chiles,"106,064.11","2,059.94","108,124.04",9507.546657,508.31
2020,Huetar Norte,2,Alajuela,215,Guatuso,"58,392.83","1,991.41","60,384.24",135.1194817,"1,611.63"
2020,Huetar Norte,2,Alajuela,216,Río Cuarto,"45,639.49","1,292.50","46,931.99",7557.848454,"9,514.11"
2020,Central,3,Cartago,301,Cartago,"1,187,050.24","162,123.83","1,349,174.06",644143.1246,"475,649.72"
2020,Central,3,Cartago,302,Paraíso,"257,023.40","23,581.87","280,605.27",31516.70861,"8,412.45"
2020,Central,3,Cartago,303,La Unión,"564,967.58","61,041.19","626,008.76",42786.49984,"56,805.44"
2020,Central,3,Cartago,304,Jiménez,"91,098.59","5,553.92","96,652.51",1262.288187,"1,044.04"
2020,Central,3,Cartago,305,Turrialba,"293,468.73","20,652.29","314,121.02",17051.8641,"5,275.45"
2020,Central,3,Cartago,306,Alvarado,"66,441.50","3,158.41","69,599.91",13.61576685,"1,202.73"
2020,Central,3,Cartago,307,Oreamuno,"125,320.71","7,554.20","132,874.91",8345.808573,"8,358.84"
2020,Central,3,Cartago,308,El Guarco,"206,556.81","10,705.56","217,262.36",33160.72646,"19,870.45"
2020,Central,4,Heredia,401,Heredia,"1,949,128.18","123,725.85","2,072,854.02",600099.3864,"534,555.34"
2020,Central,4,Heredia,402,Barva,"176,174.83","7,949.19","184,124.02",6813.871664,"13,238.79"
2020,Central,4,Heredia,403,Santo Domingo,"354,365.42","29,142.53","383,507.95",12905.66259,"42,354.80"
2020,Central,4,Heredia,404,Santa Bárbara,"120,255.34","6,361.00","126,616.35",3502.397325,"9,999.75"
2020,Central,4,Heredia,405,San Rafael,"169,838.80","8,365.60","178,204.40",372.1020099,"8,552.84"
2020,Central,4,Heredia,406,San Isidro,"112,021.90","3,620.02","115,641.92",469.6401803,"2,970.29"
2020,Central,4,Heredia,407,Belén,"1,006,307.14","61,065.75","1,067,372.88",4794.969315,"28,850.70"
2020,Central,4,Heredia,408,Flores,"197,077.04","15,847.40","212,924.44",2247.081803,"9,838.36"
2020,Central,4,Heredia,409,San Pablo,"149,538.10","10,058.89","159,596.99",32.81269821,"2,732.24"
2020,Huetar Norte,4,Heredia,410,Sarapiquí,"281,389.68","13,237.73","294,627.42",140910.025,"7,568.63"
2020,Chorotega,5,Guanacaste,501,Liberia,"644,171.62","45,366.01","689,537.63",7906.912562,"26,841.89"
2020,Chorotega,5,Guanacaste,502,Nicoya,"200,942.23","8,816.73","209,758.96",11497.13166,"3,114.96"
2020,Chorotega,5,Guanacaste,503,Santa Cruz,"291,724.46","14,031.23","305,755.69",608.3619831,"3,366.13"
2020,Chorotega,5,Guanacaste,504,Bagaces,"169,284.99","10,431.25","179,716.24",363.7033366,"4,024.75"
2020,Chorotega,5,Guanacaste,505,Carrillo,"192,565.01","11,444.06","204,009.07",9158.8922,"5,513.91"
2020,Chorotega,5,Guanacaste,506,Cañas,"151,353.28","7,346.92","158,700.20",24469.05395,"9,098.31"
2020,Chorotega,5,Guanacaste,507,Abangares,"87,861.41","10,049.05","97,910.46",10400.10748,"7,905.73"
2020,Chorotega,5,Guanacaste,508,Tilarán,"156,943.42","9,738.62","166,682.04",393.8724476,"2,890.12"
2020,Chorotega,5,Guanacaste,509,Nandayure,"35,371.28","1,024.61","36,395.89",2775.465366,343.55
2020,Chorotega,5,Guanacaste,510,La Cruz,"63,510.89","3,822.81","67,333.70",25963.92173,"2,375.99"
2020,Chorotega,5,Guanacaste,511,Hojancha,"18,933.38",776.46,"19,709.83",174.7543737,3.02
2020,Pacífico Central,6,Puntarenas,601,Puntarenas,"610,278.13","41,445.68","651,723.81",139731.8051,"256,129.94"
2020,Pacífico Central,6,Puntarenas,602,Esparza,"123,480.16","11,718.89","135,199.05",47840.56225,"79,469.79"
2020,Brunca,6,Puntarenas,603,Buenos Aires,"133,142.14","4,394.81","137,536.96",205.3516584,679.01
2020,Pacífico Central,6,Puntarenas,604,Montes de Oro,"52,759.85","4,202.53","56,962.39",162.312133,472.3
2020,Brunca,6,Puntarenas,605,Osa,"151,531.88","6,684.70","158,216.59",2238.731558,296.82
2020,Pacífico Central,6,Puntarenas,606,Quepos,"161,148.94","11,165.80","172,314.73",15021.184,"5,518.79"
2020,Brunca,6,Puntarenas,607,Golfito,"148,277.67","9,762.47","158,040.14",0,"16,967.51"
2020,Brunca,6,Puntarenas,608,Coto Brus,"122,150.44","5,178.15","127,328.59",480.287102,750.62
2020,Pacífico Central,6,Puntarenas,609,Parrita,"73,597.93","3,198.44","76,796.38",14068.23959,940.48
2020,Brunca,6,Puntarenas,610,Corredores,"138,712.18","4,269.17","142,981.34",113340.1076,"6,840.55"
2020,Pacífico Central,6,Puntarenas,611,Garabito,"124,897.42","11,380.28","136,277.70",30.45592655,"4,186.04"
2020,Huetar Caribe,7,Limón,701,Limón,"452,044.99","23,944.10","475,989.08",132070.55,"614,006.09"
2020,Huetar Caribe,7,Limón,702,Pococí,"586,093.06","42,987.14","629,080.20",392876.2007,"121,436.45"
2020,Huetar Caribe,7,Limón,703,Siquirres,"353,977.65","19,986.04","373,963.69",71085.94575,"63,765.20"
2020,Huetar Caribe,7,Limón,704,Talamanca,"111,974.18","5,429.21","117,403.39",3598.921619,89.79
2020,Huetar Caribe,7,Limón,705,Matina,"203,423.13","7,474.83","210,897.96",26269.68922,"7,531.42"
2020,Huetar Caribe,7,Limón,706,Guácimo,"169,235.23","7,371.64","176,606.87",57618.70934,"22,673.32"
2021,Central,1,San José,101,San José,"6,321,547.17","630,900.20","6,952,447.37",1145351.952,"3,939,310.25"
2021,Central,1,San José,102,Escazú,"1,469,968.40","108,991.57","1,578,959.96",22613.20173,"76,985.59"
2021,Central,1,San José,103,Desamparados,"793,760.30","64,681.32","858,441.62",45069.74981,"296,365.07"
2021,Central,1,San José,104,Puriscal,"105,710.66","18,505.59","124,216.25",1208.475274,"6,118.31"
2021,Central,1,San José,105,Tarrazú,"86,501.05","4,439.54","90,940.59",27623.15211,"1,731.17"
2021,Central,1,San José,106,Aserrí,"133,038.63","8,254.67","141,293.31",6441.281254,"10,069.62"
2021,Central,1,San José,107,Mora,"191,831.20","9,913.53","201,744.73",8924.097147,"8,655.82"
2021,Central,1,San José,108,Goicoechea,"836,950.22","95,527.59","932,477.81",5388.32634,"110,782.88"
2021,Central,1,San José,109,Santa Ana,"1,895,856.76","79,601.05","1,975,457.81",2451.357434,"48,538.13"
2021,Central,1,San José,110,Alajuelita,"180,922.62","14,864.07","195,786.69",947.2916477,"22,294.19"
2021,Central,1,San José,111,Vázquez de Coronado,"295,476.57","21,389.91","316,866.48",1305.641405,"25,818.69"
2021,Central,1,San José,112,Acosta,"66,120.61","4,847.51","70,968.12",17622.47908,"8,009.28"
2021,Central,1,San José,113,Tibás,"471,274.53","46,714.42","517,988.94",21095.4371,"44,021.12"
2021,Central,1,San José,114,Moravia,"382,306.83","35,701.04","418,007.86",24738.57603,"53,067.15"
2021,Central,1,San José,115,Montes de Oca,"1,040,409.28","40,875.01","1,081,284.30",6001.199351,"25,353.10"
2021,Central,1,San José,116,Turrubares,"17,559.50",549.79,"18,109.29",2.699312027, -   
2021,Central,1,San José,117,Dota,"32,846.73","1,460.68","34,307.41",1465.044454,48.4
2021,Central,1,San José,118,Curridabat,"805,308.14","56,923.82","862,231.95",11475.97999,"58,077.83"
2021,Brunca,1,San José,119,Pérez Zeledón,"583,712.88","38,057.55","621,770.43",12050.09902,"7,545.94"
2021,Central,1,San José,120,León Cortés Castro,"66,909.94","4,118.87","71,028.80",0.403828706,461.43
2021,Central,2,Alajuela,201,Alajuela,"3,691,955.66","376,877.56","4,068,833.22",3504415.104,"2,485,137.72"
2021,Central,2,Alajuela,202,San Ramón,"354,244.78","24,571.05","378,815.84",25930.57224,"33,437.14"
2021,Central,2,Alajuela,203,Grecia,"406,153.05","53,069.83","459,222.88",124195.9546,"85,972.43"
2021,Pacífico Central,2,Alajuela,204,San Mateo,"17,829.44",851.26,"18,680.70",205.825584,128.48
2021,Central,2,Alajuela,205,Atenas,"111,715.05","7,868.95","119,584.01",1936.100412,"3,841.18"
2021,Central,2,Alajuela,206,Naranjo,"160,494.16","18,039.62","178,533.79",5690.374491,"20,461.79"
2021,Central,2,Alajuela,207,Palmares,"169,205.63","15,208.22","184,413.85",14573.29385,"46,620.22"
2021,Central,2,Alajuela,208,Poás,"138,921.72","9,615.33","148,537.05",3714.708879,"7,349.25"
2021,Pacífico Central,2,Alajuela,209,Orotina,"88,891.50","6,904.97","95,796.47",1194.274503,513.87
2021,Huetar Norte,2,Alajuela,210,San Carlos,"1,099,104.62","75,119.79","1,174,224.41",282559.3401,"65,056.59"
2021,Central,2,Alajuela,211,Zarcero,"92,765.15","4,403.14","97,168.29",1359.668983,"2,106.01"
2021,Central,2,Alajuela,212,Sarchí,"91,945.56","5,776.42","97,721.98",14704.39724,"3,931.03"
2021,Huetar Norte,2,Alajuela,213,Upala,"166,654.39","7,060.05","173,714.44",30150.91129,284.21
2021,Huetar Norte,2,Alajuela,214,Los Chiles,"113,298.76","2,920.27","116,219.03",15084.89662,39.49
2021,Huetar Norte,2,Alajuela,215,Guatuso,"53,286.08","2,044.22","55,330.31",427.5251805,"1,551.93"
2021,Huetar Norte,2,Alajuela,216,Río Cuarto,"53,305.71","1,395.79","54,701.50",7425.966055,"7,183.64"
2021,Central,3,Cartago,301,Cartago,"1,424,239.07","206,834.65","1,631,073.72",955063.0712,"634,392.37"
2021,Central,3,Cartago,302,Paraíso,"249,702.28","17,324.20","267,026.48",37426.71483,"12,091.06"
2021,Central,3,Cartago,303,La Unión,"540,323.31","69,008.52","609,331.83",56997.93121,"80,157.97"
2021,Central,3,Cartago,304,Jiménez,"92,238.12","5,784.38","98,022.50",1848.52982,"1,229.53"
2021,Central,3,Cartago,305,Turrialba,"304,306.62","22,322.21","326,628.83",18783.16069,"6,796.29"
2021,Central,3,Cartago,306,Alvarado,"79,824.23","4,631.14","84,455.37",45.29901742,"1,641.81"
2021,Central,3,Cartago,307,Oreamuno,"118,593.94","7,215.36","125,809.29",16604.61366,"10,068.45"
2021,Central,3,Cartago,308,El Guarco,"176,907.24","14,858.95","191,766.19",27185.41501,"34,320.29"
2021,Central,4,Heredia,401,Heredia,"2,036,356.57","137,717.06","2,174,073.63",766230.7587,"754,882.48"
2021,Central,4,Heredia,402,Barva,"208,064.63","12,801.62","220,866.25",8761.396844,"17,955.79"
2021,Central,4,Heredia,403,Santo Domingo,"526,087.37","50,396.74","576,484.11",16897.20293,"63,092.14"
2021,Central,4,Heredia,404,Santa Bárbara,"114,075.65","7,005.10","121,080.75",5765.736103,"11,184.32"
2021,Central,4,Heredia,405,San Rafael,"288,743.54","10,972.40","299,715.94",268.1458139,"10,637.22"
2021,Central,4,Heredia,406,San Isidro,"127,843.69","7,652.56","135,496.25",986.1150643,"3,141.71"
2021,Central,4,Heredia,407,Belén,"1,286,613.37","128,478.68","1,415,092.05",4591.786076,"32,925.38"
2021,Central,4,Heredia,408,Flores,"301,656.47","123,537.57","425,194.04",5977.766087,"13,429.87"
2021,Central,4,Heredia,409,San Pablo,"187,328.63","14,594.53","201,923.15",105.7899807,"3,518.44"
2021,Huetar Norte,4,Heredia,410,Sarapiquí,"290,789.90","14,594.42","305,384.31",168928.8335,"8,639.71"
2021,Chorotega,5,Guanacaste,501,Liberia,"767,232.63","60,870.54","828,103.17",9394.647677,"29,299.39"
2021,Chorotega,5,Guanacaste,502,Nicoya,"225,516.71","11,822.77","237,339.48",13214.63453,"3,034.83"
2021,Chorotega,5,Guanacaste,503,Santa Cruz,"324,641.52","27,668.45","352,309.97",964.1843639,"3,483.26"
2021,Chorotega,5,Guanacaste,504,Bagaces,"138,136.81","9,316.06","147,452.86",484.2732408,"4,116.77"
2021,Chorotega,5,Guanacaste,505,Carrillo,"229,613.48","17,661.39","247,274.87",7306.61158,"9,687.64"
2021,Chorotega,5,Guanacaste,506,Cañas,"135,822.34","10,299.83","146,122.17",28082.45718,"12,025.24"
2021,Chorotega,5,Guanacaste,507,Abangares,"91,411.12","11,532.06","102,943.18",31393.50113,"11,811.38"
2021,Chorotega,5,Guanacaste,508,Tilarán,"154,732.57","9,916.56","164,649.13",269.0969367,"1,890.54"
2021,Chorotega,5,Guanacaste,509,Nandayure,"35,668.36","2,470.15","38,138.51",2911.499514,138.01
2021,Chorotega,5,Guanacaste,510,La Cruz,"62,283.43","4,514.89","66,798.33",32145.16786,"2,782.27"
2021,Chorotega,5,Guanacaste,511,Hojancha,"25,229.98","1,274.58","26,504.56",91.55170474,12.29
2021,Pacífico Central,6,Puntarenas,601,Puntarenas,"652,003.29","55,664.51","707,667.81",171291.1766,"343,261.33"
2021,Pacífico Central,6,Puntarenas,602,Esparza,"118,771.84","11,663.41","130,435.24",82787.86637,"194,155.22"
2021,Brunca,6,Puntarenas,603,Buenos Aires,"127,367.68","4,521.56","131,889.24",363.2607726,484.94
2021,Pacífico Central,6,Puntarenas,604,Montes de Oro,"65,177.77","5,491.69","70,669.46",678.874893,617.69
2021,Brunca,6,Puntarenas,605,Osa,"141,348.17","8,924.37","150,272.54",1017.927328,627.43
2021,Pacífico Central,6,Puntarenas,606,Quepos,"180,076.25","15,227.57","195,303.82",23816.72467,"5,249.31"
2021,Brunca,6,Puntarenas,607,Golfito,"175,685.24","16,368.75","192,053.99",0,"28,599.42"
2021,Brunca,6,Puntarenas,608,Coto Brus,"138,363.27","7,071.41","145,434.68",1325.376085,607.23
2021,Pacífico Central,6,Puntarenas,609,Parrita,"89,866.28","5,151.23","95,017.51",13900.08949,"1,328.44"
2021,Brunca,6,Puntarenas,610,Corredores,"175,154.21","7,506.18","182,660.39",185093.5062,"9,679.20"
2021,Pacífico Central,6,Puntarenas,611,Garabito,"171,945.92","14,549.08","186,495.01",611.1779825,"6,262.28"
2021,Huetar Caribe,7,Limón,701,Limón,"419,982.89","24,607.07","444,589.96",102329.9783,"1,239,357.09"
2021,Huetar Caribe,7,Limón,702,Pococí,"652,201.41","57,647.00","709,848.41",466610.8495,"230,242.04"
2021,Huetar Caribe,7,Limón,703,Siquirres,"362,920.57","24,703.01","387,623.58",85988.35648,"105,544.32"
2021,Huetar Caribe,7,Limón,704,Talamanca,"143,153.87","10,353.97","153,507.83",3745.098942,226.82
2021,Huetar Caribe,7,Limón,705,Matina,"202,626.65","7,725.70","210,352.34",35752.28887,"8,803.49"
2021,Huetar Caribe,7,Limón,706,Guácimo,"173,022.00","6,893.71","179,915.71",78912.43982,"27,487.52"
2022,Central,1,San José,101,San José,"7,306,389.76","755,544.22","8,061,933.97","1,229,599.81","3,812,299.42"
2022,Central,1,San José,102,Escazú,"1,860,522.57","133,774.48","1,994,297.06","57,375.48","140,847.63"
2022,Central,1,San José,103,Desamparados,"883,459.85","78,322.78","961,782.64","45,437.85","256,448.29"
2022,Central,1,San José,104,Puriscal,"118,748.53","12,626.67","131,375.20","1,432.01","7,831.85"
2022,Central,1,San José,105,Tarrazú,"97,001.33","4,426.07","101,427.40","35,897.34","1,227.08"
2022,Central,1,San José,106,Aserrí,"137,452.00","9,097.87","146,549.87","5,484.14","8,363.03"
2022,Central,1,San José,107,Mora,"215,767.71","11,633.49","227,401.20","9,281.52","8,460.49"
2022,Central,1,San José,108,Goicoechea,"976,438.20","100,910.36","1,077,348.57","19,359.22","164,223.57"
2022,Central,1,San José,109,Santa Ana,"1,936,141.14","87,228.85","2,023,369.99","22,973.67","171,383.75"
2022,Central,1,San José,110,Alajuelita,"183,184.15","15,434.46","198,618.61",914.17,"19,508.64"
2022,Central,1,San José,111,Vázquez de Coronado,"303,429.40","20,871.18","324,300.59","1,266.33","22,825.15"
2022,Central,1,San José,112,Acosta,"71,739.03","3,841.69","75,580.72","17,308.79","3,962.87"
2022,Central,1,San José,113,Tibás,"560,040.27","50,596.95","610,637.22","27,682.58","67,344.95"
2022,Central,1,San José,114,Moravia,"369,709.95","27,285.95","396,995.90","29,581.96","48,529.34"
2022,Central,1,San José,115,Montes de Oca,"1,288,742.97","61,586.84","1,350,329.81","20,311.00","31,434.41"
2022,Central,1,San José,116,Turrubares,"17,122.98",524.88,"17,647.86",3.49,158.17
2022,Central,1,San José,117,Dota,"35,881.80","2,002.69","37,884.49","4,571.78",32.64
2022,Central,1,San José,118,Curridabat,"891,681.51","67,684.12","959,365.64","11,085.14","132,445.16"
2022,Brunca,1,San José,119,Pérez Zeledón,"651,335.32","40,783.74","692,119.06","16,693.34","9,918.30"
2022,Central,1,San José,120,León Cortés Castro,"84,110.25","4,276.34","88,386.58", -   ,182.11
2022,Central,2,Alajuela,201,Alajuela,"4,106,141.49","412,775.41","4,518,916.91","3,732,599.37","2,386,526.64"
2022,Central,2,Alajuela,202,San Ramón,"368,474.98","22,311.59","390,786.57","23,743.29","23,188.57"
2022,Central,2,Alajuela,203,Grecia,"452,158.31","55,911.07","508,069.38","114,173.49","76,545.61"
2022,Pacífico Central,2,Alajuela,204,San Mateo,"19,891.59",946.35,"20,837.94",229.82,88.45
2022,Central,2,Alajuela,205,Atenas,"119,540.01","7,664.99","127,205.00","1,336.69","6,899.89"
2022,Central,2,Alajuela,206,Naranjo,"157,319.43","15,450.62","172,770.04","5,425.30","18,542.34"
2022,Central,2,Alajuela,207,Palmares,"188,639.00","19,532.53","208,171.53","15,125.18","37,845.67"
2022,Central,2,Alajuela,208,Poás,"155,310.54","11,514.37","166,824.91","3,401.11","6,305.89"
2022,Pacífico Central,2,Alajuela,209,Orotina,"93,817.59","7,394.60","101,212.19","8,578.18","18,840.51"
2022,Huetar Norte,2,Alajuela,210,San Carlos,"1,132,859.84","77,474.30","1,210,334.15","444,837.21","64,387.69"
2022,Central,2,Alajuela,211,Zarcero,"106,442.63","5,650.65","112,093.28","3,575.43","1,589.91"
2022,Central,2,Alajuela,212,Sarchí,"105,961.17","5,329.66","111,290.82","17,523.68","2,362.67"
2022,Huetar Norte,2,Alajuela,213,Upala,"167,223.81","8,033.46","175,257.28","21,823.33",52.33
2022,Huetar Norte,2,Alajuela,214,Los Chiles,"106,246.85","3,545.11","109,791.95","38,123.36",10.81
2022,Huetar Norte,2,Alajuela,215,Guatuso,"45,027.48","2,298.02","47,325.50",200.9,970.11
2022,Huetar Norte,2,Alajuela,216,Río Cuarto,"53,378.52","3,185.75","56,564.26","35,603.21","6,179.37"
2022,Central,3,Cartago,301,Cartago,"1,639,438.77","202,052.50","1,841,491.28","1,136,139.31","728,890.14"
2022,Central,3,Cartago,302,Paraíso,"271,369.60","18,899.20","290,268.81","34,993.01","9,432.93"
2022,Central,3,Cartago,303,La Unión,"555,243.06","79,148.05","634,391.12","52,717.98","73,928.13"
2022,Central,3,Cartago,304,Jiménez,"109,774.44","6,154.83","115,929.27","2,241.72",730.04
2022,Central,3,Cartago,305,Turrialba,"321,369.36","33,518.69","354,888.05","30,180.71","10,747.03"
2022,Central,3,Cartago,306,Alvarado,"85,984.23","4,720.58","90,704.81",59.67,"1,501.70"
2022,Central,3,Cartago,307,Oreamuno,"141,189.39","8,754.65","149,944.03","19,969.77","22,176.32"
2022,Central,3,Cartago,308,El Guarco,"203,578.14","18,148.48","221,726.62","45,738.35","48,648.34"
2022,Central,4,Heredia,401,Heredia,"2,447,629.35","143,403.37","2,591,032.72","774,946.11","736,138.70"
2022,Central,4,Heredia,402,Barva,"250,284.70","14,869.36","265,154.06","8,594.54","20,293.85"
2022,Central,4,Heredia,403,Santo Domingo,"592,332.52","62,024.32","654,356.84","101,385.33","105,250.97"
2022,Central,4,Heredia,404,Santa Bárbara,"133,862.63","7,555.59","141,418.22","4,128.17","8,920.32"
2022,Central,4,Heredia,405,San Rafael,"338,758.36","13,451.67","352,210.03",60,"8,396.64"
2022,Central,4,Heredia,406,San Isidro,"128,706.93","8,073.55","136,780.48","1,458.02","2,711.92"
2022,Central,4,Heredia,407,Belén,"1,882,755.47","122,348.89","2,005,104.36","257,337.63","385,322.59"
2022,Central,4,Heredia,408,Flores,"366,174.29","149,307.62","515,481.90","7,825.72","22,094.78"
2022,Central,4,Heredia,409,San Pablo,"202,969.71","19,711.84","222,681.55","6,720.96","8,562.55"
2022,Huetar Norte,4,Heredia,410,Sarapiquí,"281,643.64","13,364.78","295,008.42","150,359.92","7,549.24"
2022,Chorotega,5,Guanacaste,501,Liberia,"936,506.97","69,042.44","1,005,549.41","8,456.80","30,909.05"
2022,Chorotega,5,Guanacaste,502,Nicoya,"267,443.79","15,460.80","282,904.59","10,014.77","2,426.91"
2022,Chorotega,5,Guanacaste,503,Santa Cruz,"379,229.04","30,895.79","410,124.83",700.59,"6,772.88"
2022,Chorotega,5,Guanacaste,504,Bagaces,"154,897.97","12,377.18","167,275.15",443.06,"5,351.23"
2022,Chorotega,5,Guanacaste,505,Carrillo,"277,472.88","22,869.05","300,341.93","3,907.08","7,620.71"
2022,Chorotega,5,Guanacaste,506,Cañas,"149,096.25","11,897.31","160,993.55","42,571.72","10,325.20"
2022,Chorotega,5,Guanacaste,507,Abangares,"105,334.74","12,344.36","117,679.11","24,474.47","19,670.35"
2022,Chorotega,5,Guanacaste,508,Tilarán,"180,603.95","10,271.64","190,875.59",80.04,"2,151.58"
2022,Chorotega,5,Guanacaste,509,Nandayure,"38,337.61","2,539.45","40,877.06","2,562.52",340.07
2022,Chorotega,5,Guanacaste,510,La Cruz,"82,365.79","6,708.61","89,074.40","37,186.68","2,437.08"
2022,Chorotega,5,Guanacaste,511,Hojancha,"28,857.67","1,694.46","30,552.12",116.21, -   
2022,Pacífico Central,6,Puntarenas,601,Puntarenas,"744,758.13","60,913.44","805,671.57","190,247.03","352,865.41"
2022,Pacífico Central,6,Puntarenas,602,Esparza,"121,747.33","12,756.65","134,503.98","69,509.19","134,845.95"
2022,Brunca,6,Puntarenas,603,Buenos Aires,"135,649.40","4,906.62","140,556.02",183.22,163.86
2022,Pacífico Central,6,Puntarenas,604,Montes de Oro,"74,852.75","6,061.34","80,914.09",243.13,556.15
2022,Brunca,6,Puntarenas,605,Osa,"163,697.75","11,870.47","175,568.22",0.68,560.09
2022,Pacífico Central,6,Puntarenas,606,Quepos,"202,387.90","15,422.56","217,810.45","24,329.68","3,950.67"
2022,Brunca,6,Puntarenas,607,Golfito,"175,747.26","16,987.48","192,734.74",12.18,"21,064.72"
2022,Brunca,6,Puntarenas,608,Coto Brus,"152,503.66","7,924.92","160,428.58","1,038.85",526.87
2022,Pacífico Central,6,Puntarenas,609,Parrita,"95,952.50","5,416.52","101,369.01","10,545.51","6,165.49"
2022,Brunca,6,Puntarenas,610,Corredores,"197,633.13","7,509.92","205,143.05","219,908.89","7,391.31"
2022,Pacífico Central,6,Puntarenas,611,Garabito,"183,681.85","16,689.75","200,371.60","2,042.12","4,325.54"
2022,Pacífico Central,6,Puntarenas,612,Monteverde,"25,385.22","2,408.79","27,794.01", -   , -   
2022,Brunca,6,Puntarenas,613,Puerto Jiménez,"22,903.52","1,448.84","24,352.36", -   , -   
2022,Huetar Caribe,7,Limón,701,Limón,"443,748.37","22,905.90","466,654.27","106,134.27","1,755,326.60"
2022,Huetar Caribe,7,Limón,702,Pococí,"730,531.53","58,600.55","789,132.09","530,020.74","312,992.15"
2022,Huetar Caribe,7,Limón,703,Siquirres,"429,138.20","28,229.42","457,367.62","74,828.72","101,957.39"
2022,Huetar Caribe,7,Limón,704,Talamanca,"158,243.68","10,823.04","169,066.72","1,257.38",161.84
2022,Huetar Caribe,7,Limón,705,Matina,"180,214.38","4,769.17","184,983.56","20,895.50","1,358.91"
2022,Huetar Caribe,7,Limón,706,Guácimo,"214,244.43","9,145.97","223,390.40","81,578.14","25,240.94"
